{
  "3": "You are short and thin.",
  "4": "You are short and heavy.",
  "5": "You are short.",
  "6": "You are short.",
  "7": "You are slender.",
  "8": "You are slender.",
  "9": "You are average in height and weight.",
  "10": "You are average in height and weight.",
  "11": "You are average in height and weight.",
  "12": "You are average in height and weight.",
  "13": "You are a bit overweight.",
  "14": "You are a bit overweight.",
  "15": "You are tall.",
  "16": "You are tall.",
  "17": "You are tall and thin.",
  "18": "You are very tall and heavy."
}
