{
  "3": "You appear to be a goblin. Go to the Goblin ancestry entry to determine your age, build, and appearance.",
  "4": "You appear to be a goblin. Go to the Goblin ancestry entry to determine your age, build, and appearance.",
  "5": "You appear to be a dwarf. Go to the Dwarf ancestry entry to determine your age, build, and appearance.",
  "6": "You appear to be a dwarf. Go to the Dwarf ancestry entry to determine your age, build, and appearance.",
  "7": "You appear to be a dwarf. Go to the Dwarf ancestry entry to determine your age, build, and appearance.",
  "8": "You appear to be a human. Go to the Human ancestry entry to determine your age, build, and appearance.",
  "9": "You appear to be a human. Go to the Human ancestry entry to determine your age, build, and appearance.",
  "10": "You appear to be a human. Go to the Human ancestry entry to determine your age, build, and appearance.",
  "11": "You appear to be a human. Go to the Human ancestry entry to determine your age, build, and appearance.",
  "12": "You appear to be a human. Go to the Human ancestry entry to determine your age, build, and appearance.",
  "13": "You appear to be a human. Go to the Human ancestry entry to determine your age, build, and appearance.",
  "14": "You appear to be a human. Go to the Human ancestry entry to determine your age, build, and appearance.",
  "15": "You appear to be a human. Go to the Human ancestry entry to determine your age, build, and appearance.",
  "16": "You appear to be an orc. Go to the Orc ancestry entry to determine your age, build, and appearance.",
  "17": "You appear to be an orc. Go to the Orc ancestry entry to determine your age, build, and appearance.",
  "18": "The GM determines your ancestry, age, build, and appearance."
}
